Critical.Edition	Ganguli.translation
1.1–12	1.1–12
1.13.1–28	1.13
1.13.29–34	1.14
1.13.35–45	1.15
1.14–18	1.16–20
1.19.1–16	1.21
1.19.17	1.22
1.20	1.23
1.21–46	1.25–50
1.47.1–16	1.51
1.47.17–25	1.52
1.48–52	1.53–57
1.53.1–26	1.58
1.53.27–36	1.59
1.54–67	1.60–73
1.68–69	1.74
1.70–91	1.75–96
1.92.1–31	1.97
1.92.32–55	1.98
1.93–100	1.99–106
1.101.1–15	1.107
1.101.16–28	1.108
1.102–104	1.109–111
1.105.1–3	1.112
1.105.4–27	1.113
1.106–107	1.114–115
1.108–118	1.117–127
1.119.1–34	1.128
1.119.35–38	1.128gap129
1.119.39–43	1.129
1.120–121	1.130–131
1.122.1–11	1.132
1.122.12–40	1.133
1.122.41–47	1.134
1.123.1–57	1.134
1.123.58–78	1.135
1.124–128	1.136–140
1.129–136	1.143–150
1.137–139	1.152–154
1.140–141	1.155
1.142–149	1.156–163
1.150.1–25	1.164
1.150.26–27	1.165
1.151–155	1.165–169
1.156.1–9	1.170
1.156.10–11	1.171
1.157	1.171
1.158–159	1.172
1.160–161	1.173–174
1.162–163	1.175
1.164–166	1.176–178
1.167–168	1.179
1.169–181	1.180–192
1.182–183	1.193
1.184–214	1.194–224
1.215.1–11	1.225
1.215.12–19	1.226
1.216–225	1.227–236
2.1–10	2.1–10
2.11.1–42	2.11
2.11.43–73	2.12
2.12–16	2.13–17
2.17.1–7	2.18
2.17.8–27	2.19
2.18–22	2.20–24
2.23.1–10	2.25
2.23.11–26	2.25b
2.24–42	2.26–44
2.43–49	2.46–52
2.50.1–9	2.53
2.50.10–28	2.54
2.51.1–21	2.55
2.51.22–28	2.56
2.52	2.57
2.53.1–16	2.58
2.53.17–25	2.59
2.54–61	2.60–67
2.62.1–21	2.68
2.62.22–38	2.69
2.63–65	2.70–72
2.66.1–27	2.73
2.66.28–37	2.74
2.67–72	2.75–80
3.1–2	3.1–2
3.3–4	3.3
3.5–44	3.4–43
3.45.1–8	3.44
3.45.9–38	3.47
3.46.1–18	3.48
3.46.19–41	3.49
3.47–65	3.50–68
3.66–67	3.69
3.68–73	3.70–75
3.74–75	3.76
3.76–79	3.77–80
3.80.1–21	3.81
3.80.22–133	3.82
3.81–104	3.83–106
3.105–106	3.107
3.107–108	3.108–109
3.109–110	3.110
3.111–134	3.111–134
3.135–136	3.135
3.137–140	3.136–139
3.141	3.140
3.142	3.140b
3.143–146	3.142–145
3.147.1–30	3.146
3.147.31–41	3.147
3.148–149	3.148–149
3.150.1–15	3.150
3.150.16–28	3.151
3.151–153	3.152–154
3.154–160	3.156–162
3.161.1–16	3.163
3.161.17–29	3.164
3.162–163	3.165–166
3.164–165	3.167
3.166–179	3.168–181
3.180–181	3.182
3.182–187	3.183–188
3.188.1–2	3.188
3.188.3–93	3.189
3.189–190	3.190–191
3.191	3.198
3.192–202	3.200–210
3.203.1–12	3.211
3.203.13–51	3.212
3.204–212	3.213–221
3.213.1–15	3.222
3.213.16–52	3.223
3.214–219	3.224–229
3.220	3.230
3.221	3.230b
3.222–237	3.231–246
3.238.1–37	3.247
3.238.38–49	3.248
3.239–240	3.249–250
3.241.1–14	3.251
3.241.15–37	3.253
3.242–247	3.254–259
3.248–299	3.262–313
4.1–5	4.1–5
4.6–31	4.7–32
4.32.1–34	4.33
4.32.35–50	4.34
4.33–37	4.35–39
4.38.1–8	4.40
4.38.9–19	4.41
4.38.20–35	4.42
4.38.36–58	4.43
4.39–57	4.44–62
4.58	4.62gap63
4.59–63	4.63–67
4.64.1–18	4.68
4.64.19–37	4.69
4.65–67	4.70–72
5.1–44	5.1–44
5.45–61	5.46–62
5.62.1–5	5.63
5.62.6–31	5.64
5.63–148	5.65–150
5.149.1–46	5.151
5.149.47–66	5.152
5.149.67–84	5.153
5.150–165	5.154–169
5.166.1–13	5.169
5.166.14–39	5.170
5.167–173	5.171–177
5.174–175	5.178
5.176–177	5.179–180
5.178–179	5.181
5.180–197	5.182–199
6.1–2	6.1–2
6.3–4	6.3
6.5–15	6.4–14
6.16.1–20	6.15
6.16.21–46	6.16
6.17–21	6.17–21
6.22.1–16	6.22
6.22.17–22	6.24
6.23–44	6.25–46
6.45.1–46	6.47
6.45.47–63	6.49
6.46	6.50
6.47–73	6.51–77
6.74.1–17b	6.78
6.74.17c–36	6.79
6.75–94	6.80–99
6.95.1–25	6.99
6.95.26–53	6.100
6.96–111	6.101–116
6.112.1–77	6.117
6.112.78–138	6.118
6.113–114	6.119–120
6.115.1–36	6.121
6.115.37–65	6.122
6.116–117	6.123–124
7.1–4	7.1–4
7.5.1–20	7.5
7.5.21–33	7.6
7.5.34–40	7.7
7.6–22	7.7–23
7.23	7.orig24
7.24.1–17	7.orig25
7.24.18–61	7.orig25
7.25–47	7.24–46
7.48.1–38	7.47
7.48.39–53	7.48
7.49	7.49
7.50–52	7.72–74
7.53.1–30	7.75
7.53.31–56	7.76
7.54–56	7.77–79
7.57.1–59	7.80
7.57.60–81	7.81
7.58–88	7.82–112
7.89–90	7.113
7.91–101	7.114–124
7.102.1–42	7.125
7.102.43–105	7.126
7.103–141	7.127–165
7.142.1–19	7.166
7.142.20–44	7.167
7.143–163	7.168–188
7.164.1–57	7.190
7.164.58–110	7.191
7.164.111–159	7.192
7.165.1–67	7.193
7.165.68–125	7.194
7.166.1–15	7.195
7.166.16–60	7.196
7.167–170	7.197–200
7.171–172	7.201
7.173	7.202
8.1.1–24	8.1
8.1.25–49	8.2
8.2–3	8.3–4
8.4.1–57	8.5
8.4.58–87	8.6
8.4.88–108	8.7
8.5.1–26	8.8
8.5.27–110	8.9
8.6–11	8.10–15
8.12.1–47	8.16
8.12.48–71	8.17
8.13–16	8.18–21
8.17.1–29	8.22
8.17.30–47	8.23
8.17.48–120	8.24
8.18.1–40	8.25
8.18.41–76	8.26
8.19.1–35	8.27
8.19.36–75	8.28
8.20–23	8.29–32
8.24.1–52	8.33
8.24.53–161	8.34
8.25	8.35
8.26.1–30	8.36
8.26.31–74	8.37
8.27.1–17	8.38
8.27.18–52	8.39
8.27.53–105	8.40
8.28–29	8.41–42
8.30.1–6	8.43
8.30.7–47	8.44
8.30.48–88	8.45
8.31	8.46
8.32.1–22	8.47
8.32.23–84	8.48
8.33–40	8.49–56
8.41–44	8.58–61
8.45.1–54	8.64
8.45.55–73	8.65
8.46–48	8.66–68
8.49.1–71	8.69
8.49.72–116	8.70
8.50.1–34	8.71
8.50.35–65	8.72
8.51–61	8.73–83
8.62.1–31	8.84
8.62.32–62	8.85
8.63–67	8.87–91
8.68.1–13	8.92
8.68.14–63	8.94
8.69	8.96
9.1–2	9.1–2
9.3.1–4	9.3
9.3.5–50	9.4
9.4–64	9.5–65
10.1–18	10.1–18
11.1–8	11.1–8
11.9.1–2	11.9
11.9.3–21	11.10
11.10–13	11.11–14
11.14–15	11.15
11.16–27	11.16–27
12.1–22	12.1–22
12.23–24	12.23
12.25–26	12.24–25
12.27–32	12.27–32
12.33–34	12.33
12.35	12.34/35
12.36	12.36
12.37.1	12.36
12.37.2–43	12.37
12.38	12.38
12.39.1–37	12.39
12.39.38–49	12.40
12.40–49	12.41–50
12.50	12.51
12.51	12.51b
12.52–68	12.52–68
12.69–70	12.69
12.71–116	12.70–115
12.117.1–21	12.116
12.117.22–44	12.117
12.118–124	12.118–124
12.125.1–19	12.125
12.125.20–34	12.126
12.126.1–26	12.127
12.126.27–52	12.128
12.127–141	12.129–143
12.142.1–10	12.144
12.142.11–20	12.145
12.142.21–44	12.146
12.143–149	12.147–153
12.150.1–18	12.154
12.150.19–36	12.155
12.151.1–18	12.156
12.151.19–34	12.157
12.152–170	12.158–176
12.171.1–54	12.177
12.171.55–61	12.178
12.172–223	12.179–230
12.224.1–31	12.231
12.224.32–73	12.232
12.224.74–75	12.233
12.225–268	12.233–276
12.269–274	12.278–283
12.275–292	12.287–304
12.293.1–11	12.305
12.293.12–50	12.306
12.294–309	12.307–322
12.310–328	12.324–342
12.329–330	12.343
12.331–340	12.344–353
12.341	12.354
12.342	12.354b
12.343–351	12.355–363
12.352	12.364
12.353	12.365
13.1–13	13.1–13
13.14–15	13.14
13.16.1–11	13.15
13.16.12–75	13.16
13.17–18	13.17–18
13.19–20	13.19
13.21–32	13.20–31
13.33–47	13.33–47
13.48.1–38	13.48
13.48.39–49	13.49
13.49–57	13.49–57
13.58–83	13.59–84
13.84–85	13.85
13.86–92	13.86–92
13.93–95	13.93
13.96–98	13.94–96
13.99	13.58
13.100–111	13.97–108
13.112–125	13.111–124
13.126–127	13.139–140
13.128–129	13.141
13.130–134	13.142–146
13.135	13.149
13.136–146	13.151–161
13.147–148	13.162
13.149–154	13.163–168
14.1–47	14.1–47
14.48.1–13	14.48
14.48.14–29	14.49
14.49–78	14.50–79
14.79–81	14.80
14.82–85	14.81–84
14.86–87	14.85
14.88–91	14.86–89
14.92–93	14.90
14.94	14.91
14.95–96	14.92
15.1	15.1
15.2–3	15.2
15.4–7	15.3
15.8	15.4
15.9–10	15.5
15.11–14	15.6–9
15.15–16	15.10
15.17–25	15.11–19
15.26–27	15.20
15.28–35	15.21–28
15.36–37	15.29
15.38–47	15.30–39
16.1–2	16.1
16.3–9	16.2–8
17.1–3	17.1–3
18.1–5	18.1–5
